phase,records,workload,wall_ms,records_per_ms,cpu_ms,cpu_ms_per_record,peak_rss_mb,memory_delta_mb,peak_rss_increase_mb,rss_start_mb,workers,execution_processes,configured_batch_size,cache_size,repetitions,statistic,commit
before,10000,serialize,35.5152,281.5695814749741,31.25,0.003125,45.576192,3.21536,3.21536,42.360832,0,1,10000,0,5,median,49edc55500466ed5920e19fa930b762a4627f46a
before,10000,audit_record,60.2317,166.02553140621967,62.5,0.00625,45.735936,3.395584,3.395584,42.340352,0,1,10000,0,5,median,49edc55500466ed5920e19fa930b762a4627f46a
before,10000,verify_engine,91.1696,109.68568470191818,93.75,0.009375,53.567488,2.383872,3.432448,50.13504,0,1,4096,0,5,median,49edc55500466ed5920e19fa930b762a4627f46a
before,10000,verify_full,59.6644,167.60413244748963,62.5,0.00625,50.176,0.008192,0.008192,50.167808,0,1,10000,0,5,median,49edc55500466ed5920e19fa930b762a4627f46a
before,50000,serialize,179.4606,278.6126871302113,171.875,0.0034375,86.79424,16.605184,16.605184,70.189056,0,1,50000,0,5,median,49edc55500466ed5920e19fa930b762a4627f46a
before,50000,audit_record,301.5211,165.82587420913495,296.875,0.0059375,87.625728,17.436672,17.436672,70.148096,0,1,50000,0,5,median,49edc55500466ed5920e19fa930b762a4627f46a
before,50000,verify_engine,437.0783,114.39597893558202,437.5,0.00875,125.042688,2.772992,15.5648,109.473792,0,1,4096,0,5,median,49edc55500466ed5920e19fa930b762a4627f46a
before,50000,verify_full,305.5383,163.64560514999266,296.875,0.0059375,109.95712,-2.506752,0.024576,109.932544,0,1,50000,0,5,median,49edc55500466ed5920e19fa930b762a4627f46a
before,100000,serialize,361.9268,276.2989643209621,359.375,0.00359375,138.088448,33.415168,33.415168,104.730624,0,1,100000,0,5,median,49edc55500466ed5920e19fa930b762a4627f46a
before,100000,audit_record,610.3983,163.82745495850824,593.75,0.0059375,139.5712,34.689024,34.689024,104.87808,0,1,100000,0,5,median,49edc55500466ed5920e19fa930b762a4627f46a
before,100000,verify_engine,878.6403,113.81221644397598,875.0,0.00875,214.552576,4.132864,32.866304,181.686272,0,1,4096,0,5,median,49edc55500466ed5920e19fa930b762a4627f46a
before,100000,verify_full,592.8734,168.6700735772595,578.125,0.00578125,181.723136,0.008192,0.008192,181.714944,0,1,100000,0,5,median,49edc55500466ed5920e19fa930b762a4627f46a
after,10000,serialize,28.3968,352.15235519495155,31.25,0.003125,45.551616,3.21536,3.21536,42.336256,0,1,10000,0,5,median,49edc55500466ed5920e19fa930b762a4627f46a
after,10000,audit_record,51.1631,195.45336385011854,62.5,0.00625,45.75232,3.395584,3.395584,42.356736,0,1,10000,0,5,median,49edc55500466ed5920e19fa930b762a4627f46a
after,10000,verify_engine,78.6217,127.19134793574801,78.125,0.0078125,53.587968,2.383872,3.432448,50.15552,0,1,4096,0,5,median,49edc55500466ed5920e19fa930b762a4627f46a
after,10000,verify_full,52.415,190.78508060669657,46.875,0.0046875,50.159616,0.008192,0.008192,50.151424,0,1,10000,0,5,median,49edc55500466ed5920e19fa930b762a4627f46a
after,50000,serialize,148.1863,337.4131076894423,140.625,0.0028125,86.740992,16.601088,16.601088,70.139904,0,1,50000,0,5,median,49edc55500466ed5920e19fa930b762a4627f46a
after,50000,audit_record,262.1709,190.71529296348297,265.625,0.0053125,87.601152,17.436672,17.436672,70.16448,0,1,50000,0,5,median,49edc55500466ed5920e19fa930b762a4627f46a
after,50000,verify_engine,401.7417,124.45807841207423,406.25,0.008125,125.026304,2.772992,15.560704,109.481984,0,1,4096,0,5,median,49edc55500466ed5920e19fa930b762a4627f46a
after,50000,verify_full,258.759,193.22999393257817,265.625,0.0053125,109.9776,-2.494464,0.024576,109.953024,0,1,50000,0,5,median,49edc55500466ed5920e19fa930b762a4627f46a
after,100000,serialize,296.5836,337.1730601422331,296.875,0.00296875,138.092544,33.415168,33.415168,104.697856,0,1,100000,0,5,median,49edc55500466ed5920e19fa930b762a4627f46a
after,100000,audit_record,541.2675,184.75153228302085,515.625,0.00515625,139.952128,35.08224,35.08224,104.873984,0,1,100000,0,5,median,49edc55500466ed5920e19fa930b762a4627f46a
after,100000,verify_engine,809.3002,123.56354292263859,812.5,0.008125,214.4256,4.124672,32.70656,181.686272,0,1,4096,0,5,median,49edc55500466ed5920e19fa930b762a4627f46a
after,100000,verify_full,516.3023,193.6849787421052,515.625,0.00515625,181.747712,0.008192,0.008192,181.73952,0,1,100000,0,5,median,49edc55500466ed5920e19fa930b762a4627f46a
